--
-- PostgreSQL database dump
--

\restrict Nz8BTbBlikaKdRyPX0pJeBNwabR3iLOGE4NjTIo7awlz4yHOCvejA39z6tPzXbo

-- Dumped from database version 18.1 (Debian 18.1-1.pgdg12+2)
-- Dumped by pg_dump version 18.3 (Homebrew)

SET statement_timeout = 0;
SET lock_timeout = 0;
SET idle_in_transaction_session_timeout = 0;
SET transaction_timeout = 0;
SET client_encoding = 'UTF8';
SET standard_conforming_strings = on;
SELECT pg_catalog.set_config('search_path', '', false);
SET check_function_bodies = false;
SET xmloption = content;
SET client_min_messages = warning;
SET row_security = off;

--
-- Name: public; Type: SCHEMA; Schema: -; Owner: sustainable_shine_db_user
--

-- *not* creating schema, since initdb creates it


ALTER SCHEMA public OWNER TO sustainable_shine_db_user;

SET default_tablespace = '';

SET default_table_access_method = heap;

--
-- Name: auth_group; Type: TABLE; Schema: public; Owner: sustainable_shine_db_user
--

CREATE TABLE public.auth_group (
    id integer NOT NULL,
    name character varying(150) NOT NULL
);


ALTER TABLE public.auth_group OWNER TO sustainable_shine_db_user;

--
-- Name: auth_group_id_seq; Type: SEQUENCE; Schema: public; Owner: sustainable_shine_db_user
--

ALTER TABLE public.auth_group ALTER COLUMN id ADD GENERATED BY DEFAULT AS IDENTITY (
    SEQUENCE NAME public.auth_group_id_seq
    START WITH 1
    INCREMENT BY 1
    NO MINVALUE
    NO MAXVALUE
    CACHE 1
);


--
-- Name: auth_group_permissions; Type: TABLE; Schema: public; Owner: sustainable_shine_db_user
--

CREATE TABLE public.auth_group_permissions (
    id bigint NOT NULL,
    group_id integer NOT NULL,
    permission_id integer NOT NULL
);


ALTER TABLE public.auth_group_permissions OWNER TO sustainable_shine_db_user;

--
-- Name: auth_group_permissions_id_seq; Type: SEQUENCE; Schema: public; Owner: sustainable_shine_db_user
--

ALTER TABLE public.auth_group_permissions ALTER COLUMN id ADD GENERATED BY DEFAULT AS IDENTITY (
    SEQUENCE NAME public.auth_group_permissions_id_seq
    START WITH 1
    INCREMENT BY 1
    NO MINVALUE
    NO MAXVALUE
    CACHE 1
);


--
-- Name: auth_permission; Type: TABLE; Schema: public; Owner: sustainable_shine_db_user
--

CREATE TABLE public.auth_permission (
    id integer NOT NULL,
    name character varying(255) NOT NULL,
    content_type_id integer NOT NULL,
    codename character varying(100) NOT NULL
);


ALTER TABLE public.auth_permission OWNER TO sustainable_shine_db_user;

--
-- Name: auth_permission_id_seq; Type: SEQUENCE; Schema: public; Owner: sustainable_shine_db_user
--

ALTER TABLE public.auth_permission ALTER COLUMN id ADD GENERATED BY DEFAULT AS IDENTITY (
    SEQUENCE NAME public.auth_permission_id_seq
    START WITH 1
    INCREMENT BY 1
    NO MINVALUE
    NO MAXVALUE
    CACHE 1
);


--
-- Name: auth_user; Type: TABLE; Schema: public; Owner: sustainable_shine_db_user
--

CREATE TABLE public.auth_user (
    id integer NOT NULL,
    password character varying(128) NOT NULL,
    last_login timestamp with time zone,
    is_superuser boolean NOT NULL,
    username character varying(150) NOT NULL,
    first_name character varying(150) NOT NULL,
    last_name character varying(150) NOT NULL,
    email character varying(254) NOT NULL,
    is_staff boolean NOT NULL,
    is_active boolean NOT NULL,
    date_joined timestamp with time zone NOT NULL
);


ALTER TABLE public.auth_user OWNER TO sustainable_shine_db_user;

--
-- Name: auth_user_groups; Type: TABLE; Schema: public; Owner: sustainable_shine_db_user
--

CREATE TABLE public.auth_user_groups (
    id bigint NOT NULL,
    user_id integer NOT NULL,
    group_id integer NOT NULL
);


ALTER TABLE public.auth_user_groups OWNER TO sustainable_shine_db_user;

--
-- Name: auth_user_groups_id_seq; Type: SEQUENCE; Schema: public; Owner: sustainable_shine_db_user
--

ALTER TABLE public.auth_user_groups ALTER COLUMN id ADD GENERATED BY DEFAULT AS IDENTITY (
    SEQUENCE NAME public.auth_user_groups_id_seq
    START WITH 1
    INCREMENT BY 1
    NO MINVALUE
    NO MAXVALUE
    CACHE 1
);


--
-- Name: auth_user_id_seq; Type: SEQUENCE; Schema: public; Owner: sustainable_shine_db_user
--

ALTER TABLE public.auth_user ALTER COLUMN id ADD GENERATED BY DEFAULT AS IDENTITY (
    SEQUENCE NAME public.auth_user_id_seq
    START WITH 1
    INCREMENT BY 1
    NO MINVALUE
    NO MAXVALUE
    CACHE 1
);


--
-- Name: auth_user_user_permissions; Type: TABLE; Schema: public; Owner: sustainable_shine_db_user
--

CREATE TABLE public.auth_user_user_permissions (
    id bigint NOT NULL,
    user_id integer NOT NULL,
    permission_id integer NOT NULL
);


ALTER TABLE public.auth_user_user_permissions OWNER TO sustainable_shine_db_user;

--
-- Name: auth_user_user_permissions_id_seq; Type: SEQUENCE; Schema: public; Owner: sustainable_shine_db_user
--

ALTER TABLE public.auth_user_user_permissions ALTER COLUMN id ADD GENERATED BY DEFAULT AS IDENTITY (
    SEQUENCE NAME public.auth_user_user_permissions_id_seq
    START WITH 1
    INCREMENT BY 1
    NO MINVALUE
    NO MAXVALUE
    CACHE 1
);


--
-- Name: blog_blogpost; Type: TABLE; Schema: public; Owner: sustainable_shine_db_user
--

CREATE TABLE public.blog_blogpost (
    id bigint NOT NULL,
    title character varying(200) NOT NULL,
    slug character varying(200) NOT NULL,
    excerpt text NOT NULL,
    content text NOT NULL,
    featured_image character varying(100),
    meta_description character varying(160) NOT NULL,
    meta_keywords character varying(200) NOT NULL,
    category character varying(100) NOT NULL,
    tags character varying(200) NOT NULL,
    status character varying(20) NOT NULL,
    published_date timestamp with time zone,
    views integer NOT NULL,
    featured boolean NOT NULL,
    created_at timestamp with time zone NOT NULL,
    updated_at timestamp with time zone NOT NULL,
    author_id integer
);


ALTER TABLE public.blog_blogpost OWNER TO sustainable_shine_db_user;

--
-- Name: blog_blogpost_id_seq; Type: SEQUENCE; Schema: public; Owner: sustainable_shine_db_user
--

ALTER TABLE public.blog_blogpost ALTER COLUMN id ADD GENERATED BY DEFAULT AS IDENTITY (
    SEQUENCE NAME public.blog_blogpost_id_seq
    START WITH 1
    INCREMENT BY 1
    NO MINVALUE
    NO MAXVALUE
    CACHE 1
);


--
-- Name: django_admin_log; Type: TABLE; Schema: public; Owner: sustainable_shine_db_user
--

CREATE TABLE public.django_admin_log (
    id integer NOT NULL,
    action_time timestamp with time zone NOT NULL,
    object_id text,
    object_repr character varying(200) NOT NULL,
    action_flag smallint NOT NULL,
    change_message text NOT NULL,
    content_type_id integer,
    user_id integer NOT NULL,
    CONSTRAINT django_admin_log_action_flag_check CHECK ((action_flag >= 0))
);


ALTER TABLE public.django_admin_log OWNER TO sustainable_shine_db_user;

--
-- Name: django_admin_log_id_seq; Type: SEQUENCE; Schema: public; Owner: sustainable_shine_db_user
--

ALTER TABLE public.django_admin_log ALTER COLUMN id ADD GENERATED BY DEFAULT AS IDENTITY (
    SEQUENCE NAME public.django_admin_log_id_seq
    START WITH 1
    INCREMENT BY 1
    NO MINVALUE
    NO MAXVALUE
    CACHE 1
);


--
-- Name: django_content_type; Type: TABLE; Schema: public; Owner: sustainable_shine_db_user
--

CREATE TABLE public.django_content_type (
    id integer NOT NULL,
    app_label character varying(100) NOT NULL,
    model character varying(100) NOT NULL
);


ALTER TABLE public.django_content_type OWNER TO sustainable_shine_db_user;

--
-- Name: django_content_type_id_seq; Type: SEQUENCE; Schema: public; Owner: sustainable_shine_db_user
--

ALTER TABLE public.django_content_type ALTER COLUMN id ADD GENERATED BY DEFAULT AS IDENTITY (
    SEQUENCE NAME public.django_content_type_id_seq
    START WITH 1
    INCREMENT BY 1
    NO MINVALUE
    NO MAXVALUE
    CACHE 1
);


--
-- Name: django_migrations; Type: TABLE; Schema: public; Owner: sustainable_shine_db_user
--

CREATE TABLE public.django_migrations (
    id bigint NOT NULL,
    app character varying(255) NOT NULL,
    name character varying(255) NOT NULL,
    applied timestamp with time zone NOT NULL
);


ALTER TABLE public.django_migrations OWNER TO sustainable_shine_db_user;

--
-- Name: django_migrations_id_seq; Type: SEQUENCE; Schema: public; Owner: sustainable_shine_db_user
--

ALTER TABLE public.django_migrations ALTER COLUMN id ADD GENERATED BY DEFAULT AS IDENTITY (
    SEQUENCE NAME public.django_migrations_id_seq
    START WITH 1
    INCREMENT BY 1
    NO MINVALUE
    NO MAXVALUE
    CACHE 1
);


--
-- Name: django_session; Type: TABLE; Schema: public; Owner: sustainable_shine_db_user
--

CREATE TABLE public.django_session (
    session_key character varying(40) NOT NULL,
    session_data text NOT NULL,
    expire_date timestamp with time zone NOT NULL
);


ALTER TABLE public.django_session OWNER TO sustainable_shine_db_user;

--
-- Name: leads_booking; Type: TABLE; Schema: public; Owner: sustainable_shine_db_user
--

CREATE TABLE public.leads_booking (
    id bigint NOT NULL,
    service_type character varying(20) NOT NULL,
    frequency character varying(20) NOT NULL,
    bedrooms integer NOT NULL,
    bathrooms integer NOT NULL,
    kitchen integer NOT NULL,
    living_dining integer NOT NULL,
    laundry integer NOT NULL,
    storey integer NOT NULL,
    selected_add_ons jsonb,
    add_on_details jsonb,
    selected_date date NOT NULL,
    first_name character varying(100) NOT NULL,
    last_name character varying(100) NOT NULL,
    email character varying(254) NOT NULL,
    phone character varying(20) NOT NULL,
    sms_reminders boolean NOT NULL,
    unit_number character varying(50) NOT NULL,
    street character varying(200) NOT NULL,
    suburb character varying(100) NOT NULL,
    postcode character varying(10) NOT NULL,
    has_pet character varying(10) NOT NULL,
    hear_about_us character varying(50) NOT NULL,
    special_notes text NOT NULL,
    cleanliness_level character varying(10) NOT NULL,
    parking character varying(20) NOT NULL,
    flexible_date_time character varying(10) NOT NULL,
    access character varying(20) NOT NULL,
    price_details jsonb,
    status character varying(20) NOT NULL,
    created_at timestamp with time zone NOT NULL,
    updated_at timestamp with time zone NOT NULL
);


ALTER TABLE public.leads_booking OWNER TO sustainable_shine_db_user;

--
-- Name: leads_booking_id_seq; Type: SEQUENCE; Schema: public; Owner: sustainable_shine_db_user
--

ALTER TABLE public.leads_booking ALTER COLUMN id ADD GENERATED BY DEFAULT AS IDENTITY (
    SEQUENCE NAME public.leads_booking_id_seq
    START WITH 1
    INCREMENT BY 1
    NO MINVALUE
    NO MAXVALUE
    CACHE 1
);


--
-- Data for Name: auth_group; Type: TABLE DATA; Schema: public; Owner: sustainable_shine_db_user
--

COPY public.auth_group (id, name) FROM stdin;
\.


--
-- Data for Name: auth_group_permissions; Type: TABLE DATA; Schema: public; Owner: sustainable_shine_db_user
--

COPY public.auth_group_permissions (id, group_id, permission_id) FROM stdin;
\.


--
-- Data for Name: auth_permission; Type: TABLE DATA; Schema: public; Owner: sustainable_shine_db_user
--

COPY public.auth_permission (id, name, content_type_id, codename) FROM stdin;
1	Can add log entry	1	add_logentry
2	Can change log entry	1	change_logentry
3	Can delete log entry	1	delete_logentry
4	Can view log entry	1	view_logentry
5	Can add permission	3	add_permission
6	Can change permission	3	change_permission
7	Can delete permission	3	delete_permission
8	Can view permission	3	view_permission
9	Can add group	2	add_group
10	Can change group	2	change_group
11	Can delete group	2	delete_group
12	Can view group	2	view_group
13	Can add user	4	add_user
14	Can change user	4	change_user
15	Can delete user	4	delete_user
16	Can view user	4	view_user
17	Can add content type	5	add_contenttype
18	Can change content type	5	change_contenttype
19	Can delete content type	5	delete_contenttype
20	Can view content type	5	view_contenttype
21	Can add session	6	add_session
22	Can change session	6	change_session
23	Can delete session	6	delete_session
24	Can view session	6	view_session
25	Can add Booking	7	add_booking
26	Can change Booking	7	change_booking
27	Can delete Booking	7	delete_booking
28	Can view Booking	7	view_booking
29	Can add Blog Post	8	add_blogpost
30	Can change Blog Post	8	change_blogpost
31	Can delete Blog Post	8	delete_blogpost
32	Can view Blog Post	8	view_blogpost
\.


--
-- Data for Name: auth_user; Type: TABLE DATA; Schema: public; Owner: sustainable_shine_db_user
--

COPY public.auth_user (id, password, last_login, is_superuser, username, first_name, last_name, email, is_staff, is_active, date_joined) FROM stdin;
1	pbkdf2_sha256$1200000$m3krzxzHNWsgqcqtyqoFmY$5mxX93VDKoMk5tZ8Bkg19xaqlyG4hOWVKp7vkPASY/U=	2026-01-12 23:52:05.305153+00	t	admin			admin@sustainableshine.com.au	t	t	2026-01-12 23:51:14.448071+00
\.


--
-- Data for Name: auth_user_groups; Type: TABLE DATA; Schema: public; Owner: sustainable_shine_db_user
--

COPY public.auth_user_groups (id, user_id, group_id) FROM stdin;
\.


--
-- Data for Name: auth_user_user_permissions; Type: TABLE DATA; Schema: public; Owner: sustainable_shine_db_user
--

COPY public.auth_user_user_permissions (id, user_id, permission_id) FROM stdin;
\.


--
-- Data for Name: blog_blogpost; Type: TABLE DATA; Schema: public; Owner: sustainable_shine_db_user
--

COPY public.blog_blogpost (id, title, slug, excerpt, content, featured_image, meta_description, meta_keywords, category, tags, status, published_date, views, featured, created_at, updated_at, author_id) FROM stdin;
8	10 Essential Cleaning Tips for a Spotless and Healthy Home	10-essential-cleaning-tips-for-a-spotless-and-healthy-home	Learn expert home cleaning tips from Sustainable Shine Cleaning Services. Discover easy ways to declutter, disinfect, and keep your home spotless with professional advice.	<h2><strong>1. Declutter Before You Clean</strong></h2><p>Cleaning is always easier when surfaces are clear. Take a few minutes to put items back in their place before starting. Less clutter means less dust and fewer obstacles, making your cleaning process faster and more efficient.</p><h2><strong>2. Use the Right Tools</strong></h2><p>Quality cleaning tools make all the difference. Microfiber cloths, scrub brushes, a vacuum with attachments, and a mop suitable for your floor type will save time and give better results.</p><h2><strong>3. Clean Top to Bottom</strong></h2><p>Dust and dirt fall downward naturally. Start by cleaning shelves, counters, and cabinets, then finish with the floors. This ensures you don’t have to clean the same area twice.</p><h2><strong>4. Focus on High-Touch Surface</strong></h2><p>Door handles, light switches, remote controls, and kitchen faucets are hotspots for germs. Wipe these down daily with a disinfectant to maintain a healthy home environment</p><h2><strong>5. Tackle Stains Immediately</strong></h2><p>Spills happen! Whether it’s coffee, wine, or food, clean stains as soon as they occur. Immediate action prevents permanent damage and makes cleaning easier.</p><h2><strong>6. Keep Your Kitchen Sparkling</strong></h2><p>Your kitchen is the heart of your home and needs extra attention. Wipe down countertops, stovetops, and sinks daily. Deep-clean appliances like your fridge, oven, and microwave monthly to prevent bacteria buildup.</p><h2><strong>7. Simplify Bathroom Cleaning</strong></h2><p>Bathrooms are a breeding ground for germs. Use disinfectant sprays on toilets, sinks, and showers. Keep surfaces dry and ventilated to prevent mold and mildew growth.</p><h2><strong>8. Vacuum and Mop Efficiently</strong></h2><p>Regular vacuuming removes dirt and allergens from carpets and rugs. For hard floors, mop with warm water and a mild floor cleaner to maintain shine and hygiene.</p><h2><strong>9. Use Natural Cleaners</strong></h2><p>Eco-friendly cleaning options like vinegar, baking soda, and lemon are safe for kids and pets, cost-effective, and environmentally friendly. They are perfect for tackling stains, odors, and general cleaning.</p><h2><strong>10. Set a Cleaning Schedule</strong></h2><p>Consistency is key to a clean home. Break tasks into daily, weekly, and monthly routines. Regular small efforts prevent overwhelming deep cleans and keep your home spotless year-round.</p><h2><strong>Conclusion</strong></h2><p>Maintaining a clean and healthy home doesn’t have to be stressful. By following these simple tips, you can enjoy a fresh and hygienic living space every day.</p><p>If you want to save time and get professional results, <a target="_blank" rel="noopener noreferrer nofollow" class="text-emerald-600 underline hover:text-emerald-700" href="sustainableshine.com.au"><strong>Sustainable Shine Cleaning Services</strong></a> is here to make your home shine. Contact us today to schedule your cleaning service!</p>	media/blog/images/10_Essential_Cleaning_Tips_for_a_Spotless_and_Healthy_Home_vcyfyj	Learn expert home cleaning tips from Sustainable Shine Cleaning Services.		cleaning-tips		published	2026-02-26 05:01:12.663077+00	6	t	2026-02-26 05:01:14.868579+00	2026-02-26 05:04:56.046326+00	\N
9	How to Clean Your Kitchen Properly: The Ultimate Step-by-Step Guide for a clean Home	how-to-clean-your-kitchen-properly-the-ultimate-step-by-step-guide-for-a-clean-home	Discover simple, eco-friendly kitchen cleaning tips to keep your space spotless, hygienic, and fresh every day.	<h1>🏠 How to Clean Your Kitchen Properly: The Complete Guide</h1><p>The kitchen is one of the busiest and most important areas in your home. It’s where food is prepared, families gather, and daily routines begin. However, it’s also the space that collects grease, food spills, bacteria, and hidden grime the fastest.</p><p>At <a target="_blank" rel="noopener noreferrer nofollow" class="text-emerald-600 underline hover:text-emerald-700" href="https://sustainableshine.com.au"><strong>Sustainable Shine Cleaning Services</strong></a>, we specialise in professional kitchen cleaning services across Sydney. In this guide, we’ll show you how to clean your kitchen effectively using safe, eco-friendly methods — just like the<a target="_blank" rel="noopener noreferrer nofollow" class="text-emerald-600 underline hover:text-emerald-700" href="https://sustainableshine.com.au"> professionals.</a></p><h2>✅ Why Regular Kitchen Cleaning Is Important</h2><p>Keeping your kitchen clean helps to:</p><ul><li><p>Prevent bacteria and cross-contamination</p></li><li><p>Remove grease buildup</p></li><li><p>Eliminate unpleasant odours</p></li><li><p>Improve indoor hygiene</p></li><li><p>Extend the lifespan of appliances</p></li></ul><p>Regular cleaning keeps your home safe and healthy.</p><h2>🧽 What You’ll Need to Clean Your Kitchen</h2><p>Before you begin, gather:</p><ul><li><p>Microfiber cloths</p></li><li><p>Eco-friendly all-purpose cleaner</p></li><li><p>Baking soda</p></li><li><p>White vinegar</p></li><li><p>Dishwashing liquid</p></li><li><p>Scrub brush or sponge</p></li><li><p>Mop and bucket</p></li><li><p>Gloves</p></li></ul><p>Using environmentally friendly products protects your family, pets, and surfaces.</p><p><strong>🛠️ Step-by-Step Kitchen Cleaning Guide</strong></p><h2>1️⃣ Declutter and Clear the Area</h2><p>Remove everything from:</p><ul><li><p>Countertops</p></li><li><p>Sink</p></li><li><p>Stovetop</p></li><li><p>Kitchen table</p></li></ul><p>Clearing surfaces allows you to clean thoroughly and efficiently.</p><h2>2️⃣ Clean from Top to Bottom</h2><p>Professional cleaners always start high and move downward.</p><p>Begin with:</p><ul><li><p>Light fixtures</p></li><li><p>Top of cupboards</p></li><li><p>Rangehood exterior</p></li><li><p>Cabinet doors</p></li></ul><p>Dust and wipe before moving to lower surfaces.</p><h2>3️⃣ Clean Countertops and Splashbacks</h2><p>Spray eco-friendly cleaner and wipe thoroughly.</p><p>For tough stains:</p><ul><li><p>Apply baking soda</p></li><li><p>Spray vinegar</p></li><li><p>Let sit for 5–10 minutes</p></li><li><p>Gently scrub and wipe clean</p></li></ul><p>Don’t forget switches and handles.</p><h2>4️⃣ Deep Clean the Sink</h2><p>Your kitchen sink can harbour bacteria if not cleaned regularly.</p><p>Steps:</p><ul><li><p>Scrub with dishwashing liquid</p></li><li><p>Use baking soda for stains</p></li><li><p>Rinse with hot water</p></li><li><p>Disinfect taps and drain</p></li></ul><p>A sparkling sink instantly improves the overall look of your kitchen.</p><h2>5️⃣ Clean Kitchen Appliances</h2><h3>🍳 Stovetop</h3><ul><li><p>Remove burners</p></li><li><p>Soak in warm soapy water</p></li><li><p>Degrease surface</p></li></ul><h3>🔥 Oven</h3><ul><li><p>Remove racks</p></li><li><p>Apply baking soda paste</p></li><li><p>Wipe interior and exterior</p></li></ul><h3>❄️ Refrigerator</h3><ul><li><p>Remove expired food</p></li><li><p>Wipe shelves and drawers</p></li><li><p>Clean door seals</p></li></ul><h3>🌊 Microwave</h3><ul><li><p>Heat vinegar and water for 3–5 minutes</p></li><li><p>Steam loosens food splatter</p></li><li><p>Wipe clean</p></li></ul><h2>6️⃣ Wipe Cabinets and Drawers</h2><p>Grease often builds up near cooking areas.</p><ul><li><p>Wipe inside and outside</p></li><li><p>Vacuum crumbs</p></li><li><p>Disinfect handles</p></li></ul><h2>7️⃣ Sweep and Mop Floors</h2><p>Finish by:</p><ul><li><p>Sweeping or vacuuming</p></li><li><p>Mopping with warm water</p></li><li><p>Cleaning corners and under appliances</p></li></ul><p>Clean floors complete the transformation.</p><h1>📅 How Often Should You Clean Your Kitchen?</h1><table class="border-collapse table-auto w-full my-4" style="min-width: 50px;"><colgroup><col style="min-width: 25px;"><col style="min-width: 25px;"></colgroup><tbody><tr><th class="border border-gray-300 px-4 py-2 bg-gray-100 font-bold" colspan="1" rowspan="1"><p>Task</p></th><th class="border border-gray-300 px-4 py-2 bg-gray-100 font-bold" colspan="1" rowspan="1"><p>Recommended Frequency</p></th></tr><tr><td class="border border-gray-300 px-4 py-2" colspan="1" rowspan="1"><p>Wipe countertops</p></td><td class="border border-gray-300 px-4 py-2" colspan="1" rowspan="1"><p>Daily</p></td></tr><tr><td class="border border-gray-300 px-4 py-2" colspan="1" rowspan="1"><p>Clean sink</p></td><td class="border border-gray-300 px-4 py-2" colspan="1" rowspan="1"><p>Daily</p></td></tr><tr><td class="border border-gray-300 px-4 py-2" colspan="1" rowspan="1"><p>Mop floors</p></td><td class="border border-gray-300 px-4 py-2" colspan="1" rowspan="1"><p>Weekly</p></td></tr><tr><td class="border border-gray-300 px-4 py-2" colspan="1" rowspan="1"><p>Deep clean appliances</p></td><td class="border border-gray-300 px-4 py-2" colspan="1" rowspan="1"><p>Monthly</p></td></tr><tr><td class="border border-gray-300 px-4 py-2" colspan="1" rowspan="1"><p><a target="_blank" rel="noopener noreferrer nofollow" class="text-emerald-600 underline hover:text-emerald-700" href="https://sustainableshine.com.au">Professional deep clean</a></p></td><td class="border border-gray-300 px-4 py-2" colspan="1" rowspan="1"><p>Every 3–6 months</p></td></tr></tbody></table><h1>🌱 Why Choose <a target="_blank" rel="noopener noreferrer nofollow" class="text-emerald-600 underline hover:text-emerald-700" href="https://sustainableshine.com.au">Sustainable Shine Cleaning Services</a> in Sydney?</h1><p>Even with regular cleaning, grease and bacteria build up in hidden areas like:</p><ul><li><p>Behind appliances</p></li><li><p>Inside ovens</p></li><li><p>Rangehood filters</p></li><li><p>Hard-to-reach corners</p></li></ul><p>Our professional team provides:</p><p>✔ Detailed deep cleaning<br>✔ Eco-friendly products<br>✔ Reliable service<br>✔ Affordable kitchen cleaning in Sydney</p><p>We help homeowners enjoy a spotless, hygienic kitchen without the stress.</p><h1>📞 <a target="_blank" rel="noopener noreferrer nofollow" class="text-emerald-600 underline hover:text-emerald-700" href="https://sustainableshine.com.au/booking">Book Professional Kitchen Cleaning in Sydney Today</a></h1><p>If your kitchen needs a refresh or deep clean, Sustainable Shine Cleaning Services is ready to help.</p><p>Contact us today to schedule your professional kitchen cleaning service in Sydney and experience the difference of a truly sparkling home.</p><p></p>	media/blog/images/HomHow_to_Clean_Your_Kitchen_Properly_dxkewz	Professional Kitchen Cleaning in Sydney | Sustainable Shine Cleaning Services		cleaning-tips		published	2026-02-28 01:17:56.10712+00	3	t	2026-02-28 01:17:58.632107+00	2026-02-28 01:17:58.632115+00	\N
6	Get Your Full Bond Back Without the Stress -End of lease cleaning	get-your-full-bond-back-without-the-stress-end-of-lease-cleaning	End of lease cleaning Sydney with bond-back guarantee. Professional, affordable & reliable cleaners. Book today for a stress-free move out.	<p>Moving out is already stressful. Packing boxes, organising removalists, updating your address… and on top of that, your landlord expects the property to look spotless.</p><p>If the cleaning isn’t done properly, you could lose hundreds (or even thousands) from your bond.</p><p>That’s why many tenants choose <a target="_blank" rel="noopener noreferrer nofollow" class="text-emerald-600 underline hover:text-emerald-700" href="https://sustainableshine.com.au/"><strong><u>professional end of lease cleaning in Sydney</u></strong></a> to make sure everything passes the final inspection the first time.</p><p></p><h2><strong>What Is End of Lease Cleaning?</strong></h2><p>End of lease cleaning (also called bond cleaning or move-out cleaning) is a deep, detailed clean required when tenants vacate a rental property.</p><p>Unlike regular weekly cleaning, it focuses on:</p><ul><li><p>Built-up grime</p></li><li><p>Hidden dirt</p></li><li><p>Inside cupboards</p></li><li><p>Appliances</p></li><li><p>Walls and skirting</p></li><li><p>Bathrooms and mould</p></li><li><p>Carpets and stains</p></li></ul><p>Real estate agents in NSW use strict checklists. If anything is missed, they may ask you to redo the cleaning or deduct money from your bond.</p><p></p><h2><strong>What’s Included in Professional End of Lease Cleaning?</strong></h2><p>Here’s what a professional <a target="_blank" rel="noopener noreferrer nofollow" class="text-emerald-600 underline hover:text-emerald-700" href="https://sustainableshine.com.au/"><strong><u>end of lease cleaning service in Sydney</u></strong></a> should cover:</p><h3><strong>Kitchen</strong></h3><ul><li><p>Oven deep clean</p></li><li><p>Stove &amp; rangehood degreasing</p></li><li><p>Cupboards inside/outside</p></li><li><p>Sink &amp; taps</p></li><li><p>Benchtops</p></li><li><p>Splashback</p></li><li><p>Floor mopping</p></li><li><p>Bathrooms</p></li><li><p>Shower screens descaled</p></li><li><p>Tiles &amp; grout scrubbed</p></li><li><p>Toilet sanitised</p></li><li><p>Mirrors polished</p></li><li><p>Mould removal</p></li><li><p>Exhaust fans cleaned<br></p></li></ul><h3><strong>Bedrooms &amp; Living Areas</strong></h3><ul><li><p>Vacuum carpets</p></li><li><p>Mop floors</p></li><li><p>Wipe skirting boards</p></li><li><p>Clean wardrobes</p></li><li><p>Remove cobwebs</p></li><li><p>Window sills cleaned</p></li></ul><p><a target="_blank" rel="noopener noreferrer nofollow" class="text-emerald-600 underline hover:text-emerald-700" href="https://sustainableshine.com.au/checklist"><strong><u>View full checklist</u></strong></a></p><h2><strong><br>Why Choose Professional End of Lease Cleaning in Sydney?</strong></h2><p>When you hire a trusted local team, you get:</p><p>✔ Trained &amp; insured cleaners<br>✔ Eco-friendly products safe for kids &amp; pets<br>✔ Same-day &amp; weekend bookings<br>✔ Affordable pricing<br>✔ 100% bond-back guarantee<br>✔ Fast service across Sydney suburbs</p><p>No stress. No arguments with agents. No bond deductions.</p>	media/blog/images/Home_Cleaning_Company_Profile_buvhdy	End of lease cleaning Sydney with bond-back guarantee. Professional, affordable & reliable cleaners. Book today for a stress-free move out.		cleaning-tips		published	2026-02-02 21:55:13.833687+00	44	t	2026-02-02 21:55:16.152922+00	2026-02-08 00:19:57.263016+00	\N
10	How to clean a house fast and efficiently.	how-to-clean-a-house-fast-and-efficiently	At Sustainable Shine Cleaning Services, we understand that many people have busy schedules. That’s why we recommend a simple and structured approach to house cleaning that saves time while keeping your home fresh and hygienic.	<p>Keeping your home clean doesn’t have to take hours. With the right strategy and a few smart cleaning techniques, you can tidy your entire house quickly while still achieving great results. Whether you’re preparing for guests, doing a weekly refresh, or simply trying to keep your home organised, learning how to clean efficiently can make a big difference.</p><p>At <a target="_blank" rel="noopener noreferrer nofollow" class="text-emerald-600 underline hover:text-emerald-700" href="https://sustainableshine.com.au"><strong>Sustainable Shine Cleaning Services</strong></a>, we understand that many people have busy schedules. That’s why we recommend a simple and structured approach to house cleaning that saves time while keeping your home fresh and hygienic.</p><h3>Start by Gathering Your Cleaning Supplies</h3><p>Before you begin cleaning, collect all the supplies you’ll need. This prevents wasting time walking back and forth to grab products. A basic cleaning kit should include microfiber cloths, an all-purpose cleaner, disinfectant spray, glass cleaner, a vacuum cleaner, and a mop. Keeping everything in one cleaning caddy can make the process much faster and more organised.</p><h3>Declutter Before Cleaning</h3><p>Cleaning around clutter slows you down and makes it harder to reach surfaces. Take a few minutes to pick up items like clothes, dishes, papers, or toys and place them back where they belong. Even a quick five-minute decluttering session can make the cleaning process much smoother and more efficient.</p><h3>Clean From Top to Bottom</h3><p>One of the most effective professional cleaning techniques is working from top to bottom. Start by dusting higher areas such as shelves, light fixtures, and cabinets. Then move down to countertops, tables, and furniture. Finish by vacuuming and mopping the floors. This method prevents dust from falling onto already cleaned surfaces and saves you from doing the same work twice.</p><h3>Focus on One Room at a Time</h3><p>Trying to clean the entire house at once can feel overwhelming. Instead, focus on completing one room before moving to the next. Start with areas that are used most often, such as the kitchen, bathroom, and living room. This approach keeps you organised and helps you see progress quickly.</p><h3>Prioritise High-Impact Areas</h3><p>If you’re short on time, concentrate on the areas that make the biggest visual difference. Kitchen countertops, sinks, bathroom surfaces, and floors tend to collect the most dirt and clutter. Cleaning these spaces first can instantly make your home feel cleaner and more comfortable.</p><h3>Use Time-Saving Cleaning Techniques</h3><p>A few small tricks can help speed up the cleaning process. Spray cleaning products and allow them to sit for a few minutes while you clean another surface. This helps break down dirt and grime more easily. Microfiber cloths are also excellent for trapping dust and reducing the need for repeated wiping.</p><h3>Keep a Regular Cleaning Routine</h3><p>Maintaining a regular cleaning routine helps prevent dirt from building up. When small tasks are done consistently, cleaning becomes quicker and easier. Many homeowners find that a weekly cleaning schedule keeps their homes looking tidy without requiring long cleaning sessions.</p><h3><a target="_blank" rel="noopener noreferrer nofollow" class="text-emerald-600 underline hover:text-emerald-700" href="https://sustainableshine.com.au">When Professional Cleaning Can Help</a></h3><p>Sometimes life gets busy, and keeping up with cleaning can be difficult. Hiring professional cleaners can save time and ensure your home receives a thorough and detailed clean. Professional services are especially helpful for <a target="_blank" rel="noopener noreferrer nofollow" class="text-emerald-600 underline hover:text-emerald-700" href="https://sustainableshine.com.au/#services">deep cleaning</a>, event preparation, or regular maintenance.</p><p>At <strong>Sustainable Shine Cleaning Services</strong>, we provide reliable and high-quality cleaning services across Sydney. Our experienced team focuses on attention to detail, ensuring every space is left fresh, hygienic, and spotless.</p><h3>Final Thoughts</h3><p>Cleaning your house quickly and efficiently is all about working smart. By gathering supplies in advance, decluttering first, cleaning from top to bottom, and focusing on one room at a time, you can keep your home looking its best without spending the entire day cleaning.</p><p>If you’re looking for professional help maintaining a clean and comfortable home, <a target="_blank" rel="noopener noreferrer nofollow" class="text-emerald-600 underline hover:text-emerald-700" href="https://sustainableshine.com.au/booking"><strong>Sustainable Shine Cleaning Services</strong></a> is always ready to assist with trusted and efficient cleaning solutions.</p>	media/blog/images/How_to_clean_a_house_fast_and_efficiently._ynx0bc	quick home cleaning guide		cleaning-tips		published	2026-03-10 09:56:17.874957+00	2	t	2026-03-10 09:56:20.641008+00	2026-03-10 09:56:20.641018+00	\N
\.


--
-- Data for Name: django_admin_log; Type: TABLE DATA; Schema: public; Owner: sustainable_shine_db_user
--

COPY public.django_admin_log (id, action_time, object_id, object_repr, action_flag, change_message, content_type_id, user_id) FROM stdin;
\.


--
-- Data for Name: django_content_type; Type: TABLE DATA; Schema: public; Owner: sustainable_shine_db_user
--

COPY public.django_content_type (id, app_label, model) FROM stdin;
1	admin	logentry
2	auth	group
3	auth	permission
4	auth	user
5	contenttypes	contenttype
6	sessions	session
7	leads	booking
8	blog	blogpost
\.


--
-- Data for Name: django_migrations; Type: TABLE DATA; Schema: public; Owner: sustainable_shine_db_user
--

COPY public.django_migrations (id, app, name, applied) FROM stdin;
1	contenttypes	0001_initial	2026-01-12 23:51:06.304147+00
2	auth	0001_initial	2026-01-12 23:51:06.550881+00
3	admin	0001_initial	2026-01-12 23:51:06.579375+00
4	admin	0002_logentry_remove_auto_add	2026-01-12 23:51:06.592394+00
5	admin	0003_logentry_add_action_flag_choices	2026-01-12 23:51:06.603526+00
6	contenttypes	0002_remove_content_type_name	2026-01-12 23:51:06.699897+00
7	auth	0002_alter_permission_name_max_length	2026-01-12 23:51:06.794002+00
8	auth	0003_alter_user_email_max_length	2026-01-12 23:51:06.805211+00
9	auth	0004_alter_user_username_opts	2026-01-12 23:51:06.812793+00
10	auth	0005_alter_user_last_login_null	2026-01-12 23:51:06.904481+00
11	auth	0006_require_contenttypes_0002	2026-01-12 23:51:06.908051+00
12	auth	0007_alter_validators_add_error_messages	2026-01-12 23:51:06.995082+00
13	auth	0008_alter_user_username_max_length	2026-01-12 23:51:07.010337+00
14	auth	0009_alter_user_last_name_max_length	2026-01-12 23:51:07.095846+00
15	auth	0010_alter_group_name_max_length	2026-01-12 23:51:07.109357+00
16	auth	0011_update_proxy_permissions	2026-01-12 23:51:07.120009+00
17	auth	0012_alter_user_first_name_max_length	2026-01-12 23:51:07.202056+00
18	blog	0001_initial	2026-01-12 23:51:07.22658+00
19	leads	0001_initial	2026-01-12 23:51:07.299999+00
20	sessions	0001_initial	2026-01-12 23:51:07.313524+00
21	leads	0002_alter_booking_add_on_details_and_more	2026-01-13 00:26:02.77848+00
\.


--
-- Data for Name: django_session; Type: TABLE DATA; Schema: public; Owner: sustainable_shine_db_user
--

COPY public.django_session (session_key, session_data, expire_date) FROM stdin;
p0e6id79i1e4szardov3r8jalfn8176p	.eJxVjDsOwyAQBe9CHSF-ayBlep8BwS4EJxGWjF1FuXtsyUXSvpl5bxbittaw9byEidiVSXb53VLEZ24HoEds95nj3NZlSvxQ-Ek7H2fKr9vp_h3U2Otee4liQOUsCdTJUnFgSAMZSDmCFF5lC1JHLIWE320lyemhSC-MQwHs8wXcVjdv:1vfRha:JRmv1fDeJ6gTwbQMbWzXUA_w3r6oKO8GkXThVB6HQYQ	2026-01-26 23:52:02.456646+00
vyg3udr06rvx40m0onwudvlastpuodma	.eJxVjDsOwyAQBe9CHSF-ayBlep8BwS4EJxGWjF1FuXtsyUXSvpl5bxbittaw9byEidiVSXb53VLEZ24HoEds95nj3NZlSvxQ-Ek7H2fKr9vp_h3U2Otee4liQOUsCdTJUnFgSAMZSDmCFF5lC1JHLIWE320lyemhSC-MQwHs8wXcVjdv:1vfRhd:Dja1UZNXbF7o0jMZVqjCRyp-RejbZI6_qRiv2ijecVM	2026-01-26 23:52:05.308903+00
\.


--
-- Data for Name: leads_booking; Type: TABLE DATA; Schema: public; Owner: sustainable_shine_db_user
--

COPY public.leads_booking (id, service_type, frequency, bedrooms, bathrooms, kitchen, living_dining, laundry, storey, selected_add_ons, add_on_details, selected_date, first_name, last_name, email, phone, sms_reminders, unit_number, street, suburb, postcode, has_pet, hear_about_us, special_notes, cleanliness_level, parking, flexible_date_time, access, price_details, status, created_at, updated_at) FROM stdin;
7	endOfLease	once	2	2	1	1	1	1	{"spotClean60": false, "blindsRoller": true, "smallBalcony": true, "blindsVenetian": true}	{"blindsRoller": {"name": "Blinds - Roller/Plantation", "price": 10, "quantity": 3, "totalPrice": 30}, "smallBalcony": {"name": "Small Balcony/Patio/Deck", "price": 30, "quantity": 1, "totalPrice": 30}, "blindsVenetian": {"name": "Blinds - Venetian/Vertical", "price": 20, "quantity": 1, "totalPrice": 20}}	2026-02-07	SURAJ	Paudel	surazpaudel@gmail.com	0420629191	t	1103	172 South Pde	Auburn	2144	no	google	11:00 AM - 12:00 PM	1	garage	yes	home	{"gst": 48.45, "base": 428, "total": 533, "addons": 25, "discount": 0, "subtotal": 484.55, "addons_extra": 80}	completed	2026-01-22 05:31:59.13395+00	2026-02-07 23:45:14.611199+00
13	endOfLease	once	4	3	1	1	1	1	{"ovenSteamer": true, "insideFridge": false, "smallBalcony": false, "interiorWindows": false}	{"ovenSteamer": {"name": "Extra Oven/Steamer", "price": 60, "quantity": 1, "totalPrice": 60}}	2026-02-16	Sanaa	Chaouk	sanaachaouk0077@gmail.com	0450693887	t	56	Gordon ave	South granville	2142	no	friend	Just make it spotless I heard you guys are top in the business thank u and please also the window trims throughout the house	3	driveway	no	home	{"gst": 66.18, "base": 618, "total": 728, "addons": 50, "discount": 0, "subtotal": 661.82, "addons_extra": 60}	cancelled	2026-02-11 07:43:16.612386+00	2026-02-12 11:52:24.182778+00
20	endOfLease	once	3	1	1	1	1	1	{"slidingDoor": true, "spotClean60": true, "exteriorWindows": true, "interiorWindows": true}	{"slidingDoor": {"name": "Sliding Door", "price": 30, "quantity": 1, "totalPrice": 30}, "spotClean60": {"name": "Spot Clean Walls", "price": 60, "quantity": 1, "totalPrice": 60}, "exteriorWindows": {"name": "Exterior Windows", "price": 60, "quantity": 1, "totalPrice": 60}, "interiorWindows": {"name": "Interior Windows", "price": 60, "quantity": 1, "totalPrice": 60}}	2026-02-25	Jack	Su	scorpius2501@gmail.com	0451668402	t		2 sheffield street	Auburn	2144	no	google	Call me in advance to gain access to property	3	street	yes	other	{"gst": 66.64, "base": 523, "total": 733, "addons": 0, "discount": 0, "subtotal": 666.36, "addons_extra": 210}	cancelled	2026-02-16 23:38:52.508034+00	2026-02-18 10:20:24.055962+00
21	general	once	5	2	1	1	0	1	{}	{}	2026-03-10	Jerome	He	jerome20051115@gmail.com	0410776960	t		6 Pritchard st	Auburn	2144	no	google		2	street	no	home	{"gst": 26.64, "base": 268, "total": 293, "addons": 25, "discount": 0, "subtotal": 266.36, "addons_extra": 0}	completed	2026-03-10 01:40:23.840209+00	2026-03-10 09:02:25.301775+00
\.


--
-- Name: auth_group_id_seq; Type: SEQUENCE SET; Schema: public; Owner: sustainable_shine_db_user
--

SELECT pg_catalog.setval('public.auth_group_id_seq', 1, false);


--
-- Name: auth_group_permissions_id_seq; Type: SEQUENCE SET; Schema: public; Owner: sustainable_shine_db_user
--

SELECT pg_catalog.setval('public.auth_group_permissions_id_seq', 1, false);


--
-- Name: auth_permission_id_seq; Type: SEQUENCE SET; Schema: public; Owner: sustainable_shine_db_user
--

SELECT pg_catalog.setval('public.auth_permission_id_seq', 32, true);


--
-- Name: auth_user_groups_id_seq; Type: SEQUENCE SET; Schema: public; Owner: sustainable_shine_db_user
--

SELECT pg_catalog.setval('public.auth_user_groups_id_seq', 1, false);


--
-- Name: auth_user_id_seq; Type: SEQUENCE SET; Schema: public; Owner: sustainable_shine_db_user
--

SELECT pg_catalog.setval('public.auth_user_id_seq', 1, true);


--
-- Name: auth_user_user_permissions_id_seq; Type: SEQUENCE SET; Schema: public; Owner: sustainable_shine_db_user
--

SELECT pg_catalog.setval('public.auth_user_user_permissions_id_seq', 1, false);


--
-- Name: blog_blogpost_id_seq; Type: SEQUENCE SET; Schema: public; Owner: sustainable_shine_db_user
--

SELECT pg_catalog.setval('public.blog_blogpost_id_seq', 10, true);


--
-- Name: django_admin_log_id_seq; Type: SEQUENCE SET; Schema: public; Owner: sustainable_shine_db_user
--

SELECT pg_catalog.setval('public.django_admin_log_id_seq', 1, false);


--
-- Name: django_content_type_id_seq; Type: SEQUENCE SET; Schema: public; Owner: sustainable_shine_db_user
--

SELECT pg_catalog.setval('public.django_content_type_id_seq', 8, true);


--
-- Name: django_migrations_id_seq; Type: SEQUENCE SET; Schema: public; Owner: sustainable_shine_db_user
--

SELECT pg_catalog.setval('public.django_migrations_id_seq', 21, true);


--
-- Name: leads_booking_id_seq; Type: SEQUENCE SET; Schema: public; Owner: sustainable_shine_db_user
--

SELECT pg_catalog.setval('public.leads_booking_id_seq', 21, true);


--
-- Name: auth_group auth_group_name_key; Type: CONSTRAINT; Schema: public; Owner: sustainable_shine_db_user
--

ALTER TABLE ONLY public.auth_group
    ADD CONSTRAINT auth_group_name_key UNIQUE (name);


--
-- Name: auth_group_permissions auth_group_permissions_group_id_permission_id_0cd325b0_uniq; Type: CONSTRAINT; Schema: public; Owner: sustainable_shine_db_user
--

ALTER TABLE ONLY public.auth_group_permissions
    ADD CONSTRAINT auth_group_permissions_group_id_permission_id_0cd325b0_uniq UNIQUE (group_id, permission_id);


--
-- Name: auth_group_permissions auth_group_permissions_pkey; Type: CONSTRAINT; Schema: public; Owner: sustainable_shine_db_user
--

ALTER TABLE ONLY public.auth_group_permissions
    ADD CONSTRAINT auth_group_permissions_pkey PRIMARY KEY (id);


--
-- Name: auth_group auth_group_pkey; Type: CONSTRAINT; Schema: public; Owner: sustainable_shine_db_user
--

ALTER TABLE ONLY public.auth_group
    ADD CONSTRAINT auth_group_pkey PRIMARY KEY (id);


--
-- Name: auth_permission auth_permission_content_type_id_codename_01ab375a_uniq; Type: CONSTRAINT; Schema: public; Owner: sustainable_shine_db_user
--

ALTER TABLE ONLY public.auth_permission
    ADD CONSTRAINT auth_permission_content_type_id_codename_01ab375a_uniq UNIQUE (content_type_id, codename);


--
-- Name: auth_permission auth_permission_pkey; Type: CONSTRAINT; Schema: public; Owner: sustainable_shine_db_user
--

ALTER TABLE ONLY public.auth_permission
    ADD CONSTRAINT auth_permission_pkey PRIMARY KEY (id);


--
-- Name: auth_user_groups auth_user_groups_pkey; Type: CONSTRAINT; Schema: public; Owner: sustainable_shine_db_user
--

ALTER TABLE ONLY public.auth_user_groups
    ADD CONSTRAINT auth_user_groups_pkey PRIMARY KEY (id);


--
-- Name: auth_user_groups auth_user_groups_user_id_group_id_94350c0c_uniq; Type: CONSTRAINT; Schema: public; Owner: sustainable_shine_db_user
--

ALTER TABLE ONLY public.auth_user_groups
    ADD CONSTRAINT auth_user_groups_user_id_group_id_94350c0c_uniq UNIQUE (user_id, group_id);


--
-- Name: auth_user auth_user_pkey; Type: CONSTRAINT; Schema: public; Owner: sustainable_shine_db_user
--

ALTER TABLE ONLY public.auth_user
    ADD CONSTRAINT auth_user_pkey PRIMARY KEY (id);


--
-- Name: auth_user_user_permissions auth_user_user_permissions_pkey; Type: CONSTRAINT; Schema: public; Owner: sustainable_shine_db_user
--

ALTER TABLE ONLY public.auth_user_user_permissions
    ADD CONSTRAINT auth_user_user_permissions_pkey PRIMARY KEY (id);


--
-- Name: auth_user_user_permissions auth_user_user_permissions_user_id_permission_id_14a6b632_uniq; Type: CONSTRAINT; Schema: public; Owner: sustainable_shine_db_user
--

ALTER TABLE ONLY public.auth_user_user_permissions
    ADD CONSTRAINT auth_user_user_permissions_user_id_permission_id_14a6b632_uniq UNIQUE (user_id, permission_id);


--
-- Name: auth_user auth_user_username_key; Type: CONSTRAINT; Schema: public; Owner: sustainable_shine_db_user
--

ALTER TABLE ONLY public.auth_user
    ADD CONSTRAINT auth_user_username_key UNIQUE (username);


--
-- Name: blog_blogpost blog_blogpost_pkey; Type: CONSTRAINT; Schema: public; Owner: sustainable_shine_db_user
--

ALTER TABLE ONLY public.blog_blogpost
    ADD CONSTRAINT blog_blogpost_pkey PRIMARY KEY (id);


--
-- Name: blog_blogpost blog_blogpost_slug_key; Type: CONSTRAINT; Schema: public; Owner: sustainable_shine_db_user
--

ALTER TABLE ONLY public.blog_blogpost
    ADD CONSTRAINT blog_blogpost_slug_key UNIQUE (slug);


--
-- Name: django_admin_log django_admin_log_pkey; Type: CONSTRAINT; Schema: public; Owner: sustainable_shine_db_user
--

ALTER TABLE ONLY public.django_admin_log
    ADD CONSTRAINT django_admin_log_pkey PRIMARY KEY (id);


--
-- Name: django_content_type django_content_type_app_label_model_76bd3d3b_uniq; Type: CONSTRAINT; Schema: public; Owner: sustainable_shine_db_user
--

ALTER TABLE ONLY public.django_content_type
    ADD CONSTRAINT django_content_type_app_label_model_76bd3d3b_uniq UNIQUE (app_label, model);


--
-- Name: django_content_type django_content_type_pkey; Type: CONSTRAINT; Schema: public; Owner: sustainable_shine_db_user
--

ALTER TABLE ONLY public.django_content_type
    ADD CONSTRAINT django_content_type_pkey PRIMARY KEY (id);


--
-- Name: django_migrations django_migrations_pkey; Type: CONSTRAINT; Schema: public; Owner: sustainable_shine_db_user
--

ALTER TABLE ONLY public.django_migrations
    ADD CONSTRAINT django_migrations_pkey PRIMARY KEY (id);


--
-- Name: django_session django_session_pkey; Type: CONSTRAINT; Schema: public; Owner: sustainable_shine_db_user
--

ALTER TABLE ONLY public.django_session
    ADD CONSTRAINT django_session_pkey PRIMARY KEY (session_key);


--
-- Name: leads_booking leads_booking_pkey; Type: CONSTRAINT; Schema: public; Owner: sustainable_shine_db_user
--

ALTER TABLE ONLY public.leads_booking
    ADD CONSTRAINT leads_booking_pkey PRIMARY KEY (id);


--
-- Name: auth_group_name_a6ea08ec_like; Type: INDEX; Schema: public; Owner: sustainable_shine_db_user
--

CREATE INDEX auth_group_name_a6ea08ec_like ON public.auth_group USING btree (name varchar_pattern_ops);


--
-- Name: auth_group_permissions_group_id_b120cbf9; Type: INDEX; Schema: public; Owner: sustainable_shine_db_user
--

CREATE INDEX auth_group_permissions_group_id_b120cbf9 ON public.auth_group_permissions USING btree (group_id);


--
-- Name: auth_group_permissions_permission_id_84c5c92e; Type: INDEX; Schema: public; Owner: sustainable_shine_db_user
--

CREATE INDEX auth_group_permissions_permission_id_84c5c92e ON public.auth_group_permissions USING btree (permission_id);


--
-- Name: auth_permission_content_type_id_2f476e4b; Type: INDEX; Schema: public; Owner: sustainable_shine_db_user
--

CREATE INDEX auth_permission_content_type_id_2f476e4b ON public.auth_permission USING btree (content_type_id);


--
-- Name: auth_user_groups_group_id_97559544; Type: INDEX; Schema: public; Owner: sustainable_shine_db_user
--

CREATE INDEX auth_user_groups_group_id_97559544 ON public.auth_user_groups USING btree (group_id);


--
-- Name: auth_user_groups_user_id_6a12ed8b; Type: INDEX; Schema: public; Owner: sustainable_shine_db_user
--

CREATE INDEX auth_user_groups_user_id_6a12ed8b ON public.auth_user_groups USING btree (user_id);


--
-- Name: auth_user_user_permissions_permission_id_1fbb5f2c; Type: INDEX; Schema: public; Owner: sustainable_shine_db_user
--

CREATE INDEX auth_user_user_permissions_permission_id_1fbb5f2c ON public.auth_user_user_permissions USING btree (permission_id);


--
-- Name: auth_user_user_permissions_user_id_a95ead1b; Type: INDEX; Schema: public; Owner: sustainable_shine_db_user
--

CREATE INDEX auth_user_user_permissions_user_id_a95ead1b ON public.auth_user_user_permissions USING btree (user_id);


--
-- Name: auth_user_username_6821ab7c_like; Type: INDEX; Schema: public; Owner: sustainable_shine_db_user
--

CREATE INDEX auth_user_username_6821ab7c_like ON public.auth_user USING btree (username varchar_pattern_ops);


--
-- Name: blog_blogpost_author_id_ffcc150f; Type: INDEX; Schema: public; Owner: sustainable_shine_db_user
--

CREATE INDEX blog_blogpost_author_id_ffcc150f ON public.blog_blogpost USING btree (author_id);


--
-- Name: blog_blogpost_slug_9e84ade1_like; Type: INDEX; Schema: public; Owner: sustainable_shine_db_user
--

CREATE INDEX blog_blogpost_slug_9e84ade1_like ON public.blog_blogpost USING btree (slug varchar_pattern_ops);


--
-- Name: django_admin_log_content_type_id_c4bce8eb; Type: INDEX; Schema: public; Owner: sustainable_shine_db_user
--

CREATE INDEX django_admin_log_content_type_id_c4bce8eb ON public.django_admin_log USING btree (content_type_id);


--
-- Name: django_admin_log_user_id_c564eba6; Type: INDEX; Schema: public; Owner: sustainable_shine_db_user
--

CREATE INDEX django_admin_log_user_id_c564eba6 ON public.django_admin_log USING btree (user_id);


--
-- Name: django_session_expire_date_a5c62663; Type: INDEX; Schema: public; Owner: sustainable_shine_db_user
--

CREATE INDEX django_session_expire_date_a5c62663 ON public.django_session USING btree (expire_date);


--
-- Name: django_session_session_key_c0390e0f_like; Type: INDEX; Schema: public; Owner: sustainable_shine_db_user
--

CREATE INDEX django_session_session_key_c0390e0f_like ON public.django_session USING btree (session_key varchar_pattern_ops);


--
-- Name: auth_group_permissions auth_group_permissio_permission_id_84c5c92e_fk_auth_perm; Type: FK CONSTRAINT; Schema: public; Owner: sustainable_shine_db_user
--

ALTER TABLE ONLY public.auth_group_permissions
    ADD CONSTRAINT auth_group_permissio_permission_id_84c5c92e_fk_auth_perm FOREIGN KEY (permission_id) REFERENCES public.auth_permission(id) DEFERRABLE INITIALLY DEFERRED;


--
-- Name: auth_group_permissions auth_group_permissions_group_id_b120cbf9_fk_auth_group_id; Type: FK CONSTRAINT; Schema: public; Owner: sustainable_shine_db_user
--

ALTER TABLE ONLY public.auth_group_permissions
    ADD CONSTRAINT auth_group_permissions_group_id_b120cbf9_fk_auth_group_id FOREIGN KEY (group_id) REFERENCES public.auth_group(id) DEFERRABLE INITIALLY DEFERRED;


--
-- Name: auth_permission auth_permission_content_type_id_2f476e4b_fk_django_co; Type: FK CONSTRAINT; Schema: public; Owner: sustainable_shine_db_user
--

ALTER TABLE ONLY public.auth_permission
    ADD CONSTRAINT auth_permission_content_type_id_2f476e4b_fk_django_co FOREIGN KEY (content_type_id) REFERENCES public.django_content_type(id) DEFERRABLE INITIALLY DEFERRED;


--
-- Name: auth_user_groups auth_user_groups_group_id_97559544_fk_auth_group_id; Type: FK CONSTRAINT; Schema: public; Owner: sustainable_shine_db_user
--

ALTER TABLE ONLY public.auth_user_groups
    ADD CONSTRAINT auth_user_groups_group_id_97559544_fk_auth_group_id FOREIGN KEY (group_id) REFERENCES public.auth_group(id) DEFERRABLE INITIALLY DEFERRED;


--
-- Name: auth_user_groups auth_user_groups_user_id_6a12ed8b_fk_auth_user_id; Type: FK CONSTRAINT; Schema: public; Owner: sustainable_shine_db_user
--

ALTER TABLE ONLY public.auth_user_groups
    ADD CONSTRAINT auth_user_groups_user_id_6a12ed8b_fk_auth_user_id FOREIGN KEY (user_id) REFERENCES public.auth_user(id) DEFERRABLE INITIALLY DEFERRED;


--
-- Name: auth_user_user_permissions auth_user_user_permi_permission_id_1fbb5f2c_fk_auth_perm; Type: FK CONSTRAINT; Schema: public; Owner: sustainable_shine_db_user
--

ALTER TABLE ONLY public.auth_user_user_permissions
    ADD CONSTRAINT auth_user_user_permi_permission_id_1fbb5f2c_fk_auth_perm FOREIGN KEY (permission_id) REFERENCES public.auth_permission(id) DEFERRABLE INITIALLY DEFERRED;


--
-- Name: auth_user_user_permissions auth_user_user_permissions_user_id_a95ead1b_fk_auth_user_id; Type: FK CONSTRAINT; Schema: public; Owner: sustainable_shine_db_user
--

ALTER TABLE ONLY public.auth_user_user_permissions
    ADD CONSTRAINT auth_user_user_permissions_user_id_a95ead1b_fk_auth_user_id FOREIGN KEY (user_id) REFERENCES public.auth_user(id) DEFERRABLE INITIALLY DEFERRED;


--
-- Name: blog_blogpost blog_blogpost_author_id_ffcc150f_fk_auth_user_id; Type: FK CONSTRAINT; Schema: public; Owner: sustainable_shine_db_user
--

ALTER TABLE ONLY public.blog_blogpost
    ADD CONSTRAINT blog_blogpost_author_id_ffcc150f_fk_auth_user_id FOREIGN KEY (author_id) REFERENCES public.auth_user(id) DEFERRABLE INITIALLY DEFERRED;


--
-- Name: django_admin_log django_admin_log_content_type_id_c4bce8eb_fk_django_co; Type: FK CONSTRAINT; Schema: public; Owner: sustainable_shine_db_user
--

ALTER TABLE ONLY public.django_admin_log
    ADD CONSTRAINT django_admin_log_content_type_id_c4bce8eb_fk_django_co FOREIGN KEY (content_type_id) REFERENCES public.django_content_type(id) DEFERRABLE INITIALLY DEFERRED;


--
-- Name: django_admin_log django_admin_log_user_id_c564eba6_fk_auth_user_id; Type: FK CONSTRAINT; Schema: public; Owner: sustainable_shine_db_user
--

ALTER TABLE ONLY public.django_admin_log
    ADD CONSTRAINT django_admin_log_user_id_c564eba6_fk_auth_user_id FOREIGN KEY (user_id) REFERENCES public.auth_user(id) DEFERRABLE INITIALLY DEFERRED;


--
-- Name: DEFAULT PRIVILEGES FOR SEQUENCES; Type: DEFAULT ACL; Schema: -; Owner: postgres
--

ALTER DEFAULT PRIVILEGES FOR ROLE postgres GRANT ALL ON SEQUENCES TO sustainable_shine_db_user;


--
-- Name: DEFAULT PRIVILEGES FOR TYPES; Type: DEFAULT ACL; Schema: -; Owner: postgres
--

ALTER DEFAULT PRIVILEGES FOR ROLE postgres GRANT ALL ON TYPES TO sustainable_shine_db_user;


--
-- Name: DEFAULT PRIVILEGES FOR FUNCTIONS; Type: DEFAULT ACL; Schema: -; Owner: postgres
--

ALTER DEFAULT PRIVILEGES FOR ROLE postgres GRANT ALL ON FUNCTIONS TO sustainable_shine_db_user;


--
-- Name: DEFAULT PRIVILEGES FOR TABLES; Type: DEFAULT ACL; Schema: -; Owner: postgres
--

ALTER DEFAULT PRIVILEGES FOR ROLE postgres GRANT ALL ON TABLES TO sustainable_shine_db_user;


--
-- PostgreSQL database dump complete
--

\unrestrict Nz8BTbBlikaKdRyPX0pJeBNwabR3iLOGE4NjTIo7awlz4yHOCvejA39z6tPzXbo

